transaction_id,account_id,resource_id,entry_reference,amount,currency,status,booking_date,value_date,transaction_date,transaction_category_purpose,end_to_end_reference,narrative,unstructured_remittance_info,created_at,credit_debit_indicator
88856,1,821793,REF-9632,114.9,EUR,BOOKED,2024-01-01,2024-01-02,2024-01-01,ENTERTAINMENT,END-3568,Salary Payment,Subscription fee,2024-12-29 19:33:45,CRDT
33472,1,989049,REF-5805,-139.51,EUR,PENDING,2024-01-06,2024-01-06,2024-01-06,GROCERIES,END-9911,Monthly Rent,Refund,2024-12-29 19:33:45,DBIT
34553,1,668422,REF-5634,255.43,EUR,PENDING,2024-01-08,2024-01-10,2024-01-08,GROCERIES,END-3163,Miscellaneous,Refund,2024-12-29 19:33:45,CRDT
20347,1,444756,REF-4733,-65.39,EUR,PENDING,2024-01-11,2024-01-11,2024-01-11,ENTERTAINMENT,END-5938,Grocery Shopping,Loan EMI,2024-12-29 19:33:45,DBIT
30182,1,284002,REF-7012,-157.1,EUR,BOOKED,2024-01-12,2024-01-14,2024-01-12,UTILITIES,END-5628,Utility Bill,Invoice 12345,2024-12-29 19:33:45,DBIT
28565,1,952610,REF-3265,76.91,EUR,BOOKED,2024-01-16,2024-01-18,2024-01-16,UTILITIES,END-2039,Salary Payment,Invoice 12345,2024-12-29 19:33:45,CRDT
61246,1,202852,REF-7805,255.26,EUR,BOOKED,2024-01-17,2024-01-18,2024-01-17,SALARY,END-7424,Salary Payment,Overdraft repayment,2024-12-29 19:33:45,CRDT
74565,1,591440,REF-4243,220.15,EUR,PENDING,2024-01-19,2024-01-19,2024-01-19,GROCERIES,END-7021,Grocery Shopping,Refund,2024-12-29 19:33:45,CRDT
61271,1,704013,REF-2675,366.59,EUR,BOOKED,2024-01-21,2024-01-23,2024-01-21,SALARY,END-2264,Monthly Rent,Loan EMI,2024-12-29 19:33:45,CRDT
98859,1,667452,REF-4984,473.68,EUR,PENDING,2024-01-23,2024-01-24,2024-01-23,GROCERIES,END-8229,Grocery Shopping,Payment for services,2024-12-29 19:33:45,CRDT
95576,1,666189,REF-2004,80.11,EUR,BOOKED,2024-01-24,2024-01-26,2024-01-24,GROCERIES,END-5055,Grocery Shopping,Loan EMI,2024-12-29 19:33:45,CRDT
53500,1,783903,REF-6014,217.6,EUR,PENDING,2024-01-26,2024-01-26,2024-01-26,RENT,END-5721,Grocery Shopping,Refund,2024-12-29 19:33:45,CRDT
25144,1,569163,REF-4336,123.29,EUR,BOOKED,2024-01-27,2024-01-27,2024-01-27,SALARY,END-2534,Grocery Shopping,Subscription fee,2024-12-29 19:33:45,CRDT
77807,1,965261,REF-6630,140.36,EUR,PENDING,2024-01-31,2024-02-02,2024-01-31,GROCERIES,END-6615,Miscellaneous,Refund,2024-12-29 19:33:45,CRDT
43789,1,871070,REF-2896,324.37,EUR,BOOKED,2024-02-05,2024-02-06,2024-02-05,RENT,END-8072,Grocery Shopping,Invoice 12345,2024-12-29 19:33:45,CRDT
60051,1,977994,REF-8607,412.14,EUR,BOOKED,2024-02-09,2024-02-11,2024-02-09,RENT,END-8659,Salary Payment,Refund,2024-12-29 19:33:45,CRDT
46867,1,402291,REF-9021,415.63,EUR,PENDING,2024-02-14,2024-02-16,2024-02-14,UTILITIES,END-8571,Miscellaneous,Payment for services,2024-12-29 19:33:45,CRDT
12771,1,865522,REF-9991,-209.5,EUR,BOOKED,2024-02-19,2024-02-19,2024-02-19,RENT,END-6948,Grocery Shopping,Loan EMI,2024-12-29 19:33:45,DBIT
40107,1,872332,REF-8724,-466.96,EUR,PENDING,2024-02-24,2024-02-24,2024-02-24,SALARY,END-8726,Entertainment Expenses,Refund,2024-12-29 19:33:45,DBIT
17572,1,252086,REF-6532,-209.64,EUR,BOOKED,2024-02-29,2024-03-01,2024-02-29,GROCERIES,END-5218,Salary Payment,Subscription fee,2024-12-29 19:33:45,DBIT
69438,1,484487,REF-7020,-246.06,EUR,BOOKED,2024-03-02,2024-03-02,2024-03-02,RENT,END-4095,Monthly Rent,Overdraft repayment,2024-12-29 19:33:45,DBIT
51725,1,674151,REF-9901,178.74,EUR,PENDING,2024-03-06,2024-03-07,2024-03-06,ENTERTAINMENT,END-6804,Monthly Rent,Payment for services,2024-12-29 19:33:45,CRDT
16412,1,407534,REF-1433,374.7,EUR,PENDING,2024-03-10,2024-03-11,2024-03-10,ENTERTAINMENT,END-9856,Grocery Shopping,Subscription fee,2024-12-29 19:33:45,CRDT
29521,1,444132,REF-3965,56.07,EUR,BOOKED,2024-03-12,2024-03-14,2024-03-12,GROCERIES,END-9221,Utility Bill,Subscription fee,2024-12-29 19:33:45,CRDT
30215,1,552345,REF-8454,38.21,EUR,PENDING,2024-03-16,2024-03-16,2024-03-16,GROCERIES,END-8196,Grocery Shopping,Loan EMI,2024-12-29 19:33:45,CRDT
11276,1,652569,REF-5643,-394.0,EUR,BOOKED,2024-03-20,2024-03-22,2024-03-20,ENTERTAINMENT,END-2471,Miscellaneous,Invoice 12345,2024-12-29 19:33:45,DBIT
50885,1,144706,REF-8825,0.43,EUR,BOOKED,2024-03-21,2024-03-21,2024-03-21,RENT,END-3550,Miscellaneous,Subscription fee,2024-12-29 19:33:45,CRDT
71292,1,794892,REF-3212,-63.31,EUR,BOOKED,2024-03-22,2024-03-22,2024-03-22,GROCERIES,END-4526,Grocery Shopping,Loan EMI,2024-12-29 19:33:45,DBIT
49492,1,621244,REF-9504,36.57,EUR,BOOKED,2024-03-23,2024-03-23,2024-03-23,ENTERTAINMENT,END-8899,Entertainment Expenses,Subscription fee,2024-12-29 19:33:45,CRDT
70045,1,768199,REF-5711,-261.48,EUR,BOOKED,2024-03-26,2024-03-28,2024-03-26,SALARY,END-9444,Monthly Rent,Overdraft repayment,2024-12-29 19:33:45,DBIT
24480,1,570541,REF-7366,-221.79,EUR,PENDING,2024-03-28,2024-03-28,2024-03-28,UTILITIES,END-6783,Salary Payment,Overdraft repayment,2024-12-29 19:33:45,DBIT
51929,1,481137,REF-5863,263.39,EUR,BOOKED,2024-04-01,2024-04-02,2024-04-01,RENT,END-5018,Monthly Rent,Subscription fee,2024-12-29 19:33:45,CRDT
18784,1,495152,REF-7122,326.85,EUR,PENDING,2024-04-04,2024-04-04,2024-04-04,SALARY,END-8950,Miscellaneous,Overdraft repayment,2024-12-29 19:33:45,CRDT
73594,1,363750,REF-7358,-118.72,EUR,PENDING,2024-04-08,2024-04-09,2024-04-08,SALARY,END-6698,Entertainment Expenses,Subscription fee,2024-12-29 19:33:45,DBIT
57344,1,117931,REF-3741,9.41,EUR,PENDING,2024-04-09,2024-04-11,2024-04-09,UTILITIES,END-3582,Utility Bill,Subscription fee,2024-12-29 19:33:45,CRDT
15741,1,479459,REF-9178,482.06,EUR,BOOKED,2024-04-12,2024-04-13,2024-04-12,RENT,END-2372,Salary Payment,Subscription fee,2024-12-29 19:33:45,CRDT
70878,1,163631,REF-3406,133.72,EUR,PENDING,2024-04-17,2024-04-19,2024-04-17,RENT,END-8955,Grocery Shopping,Subscription fee,2024-12-29 19:33:45,CRDT
25887,1,665726,REF-8738,-346.83,EUR,PENDING,2024-04-22,2024-04-22,2024-04-22,RENT,END-9569,Miscellaneous,Subscription fee,2024-12-29 19:33:45,DBIT
95022,1,318929,REF-7910,-142.78,EUR,PENDING,2024-04-25,2024-04-26,2024-04-25,SALARY,END-3567,Miscellaneous,Refund,2024-12-29 19:33:45,DBIT
40235,1,536777,REF-1408,-9.35,EUR,PENDING,2024-04-27,2024-04-29,2024-04-27,GROCERIES,END-8555,Grocery Shopping,Invoice 12345,2024-12-29 19:33:45,DBIT
23925,1,238258,REF-1778,76.63,EUR,PENDING,2024-04-29,2024-05-01,2024-04-29,UTILITIES,END-1651,Salary Payment,Refund,2024-12-29 19:33:45,CRDT
81663,1,516798,REF-6683,94.54,EUR,PENDING,2024-05-03,2024-05-04,2024-05-03,ENTERTAINMENT,END-9778,Utility Bill,Payment for services,2024-12-29 19:33:45,CRDT
84958,1,909496,REF-9915,-103.07,EUR,PENDING,2024-05-08,2024-05-08,2024-05-08,ENTERTAINMENT,END-8738,Utility Bill,Payment for services,2024-12-29 19:33:45,DBIT
68460,1,900998,REF-1359,86.2,EUR,BOOKED,2024-05-10,2024-05-11,2024-05-10,ENTERTAINMENT,END-2758,Utility Bill,Invoice 12345,2024-12-29 19:33:45,CRDT
21572,1,302101,REF-5568,-19.43,EUR,BOOKED,2024-05-13,2024-05-14,2024-05-13,UTILITIES,END-9472,Salary Payment,Refund,2024-12-29 19:33:45,DBIT
33123,1,545519,REF-1180,-275.65,EUR,PENDING,2024-05-15,2024-05-15,2024-05-15,ENTERTAINMENT,END-4692,Entertainment Expenses,Subscription fee,2024-12-29 19:33:45,DBIT
11519,1,729282,REF-1026,402.23,EUR,PENDING,2024-05-18,2024-05-18,2024-05-18,UTILITIES,END-9313,Grocery Shopping,Invoice 12345,2024-12-29 19:33:45,CRDT
73083,1,230120,REF-8255,-355.23,EUR,PENDING,2024-05-19,2024-05-19,2024-05-19,ENTERTAINMENT,END-2411,Miscellaneous,Loan EMI,2024-12-29 19:33:45,DBIT
98715,1,952074,REF-9169,449.17,EUR,BOOKED,2024-05-23,2024-05-23,2024-05-23,ENTERTAINMENT,END-1800,Miscellaneous,Refund,2024-12-29 19:33:45,CRDT
64439,1,528003,REF-4302,156.2,EUR,PENDING,2024-05-27,2024-05-28,2024-05-27,ENTERTAINMENT,END-2349,Entertainment Expenses,Overdraft repayment,2024-12-29 19:33:45,CRDT
72251,1,428974,REF-2369,427.94,EUR,BOOKED,2024-05-28,2024-05-29,2024-05-28,GROCERIES,END-4369,Monthly Rent,Loan EMI,2024-12-29 19:33:45,CRDT
42858,1,797841,REF-5403,213.24,EUR,PENDING,2024-06-02,2024-06-03,2024-06-02,SALARY,END-4271,Utility Bill,Invoice 12345,2024-12-29 19:33:45,CRDT
23526,1,109782,REF-8722,-113.11,EUR,PENDING,2024-06-05,2024-06-06,2024-06-05,SALARY,END-6042,Grocery Shopping,Payment for services,2024-12-29 19:33:45,DBIT
15673,1,456449,REF-3223,-186.16,EUR,PENDING,2024-06-08,2024-06-08,2024-06-08,GROCERIES,END-7347,Utility Bill,Refund,2024-12-29 19:33:45,DBIT
77714,1,578360,REF-1745,-437.14,EUR,PENDING,2024-06-09,2024-06-09,2024-06-09,SALARY,END-5836,Miscellaneous,Subscription fee,2024-12-29 19:33:45,DBIT
54959,1,754931,REF-5174,-442.25,EUR,PENDING,2024-06-14,2024-06-14,2024-06-14,UTILITIES,END-8168,Salary Payment,Refund,2024-12-29 19:33:45,DBIT
63947,1,861555,REF-5920,-333.35,EUR,BOOKED,2024-06-18,2024-06-19,2024-06-18,GROCERIES,END-6382,Utility Bill,Payment for services,2024-12-29 19:33:45,DBIT
57474,1,237798,REF-5604,385.36,EUR,BOOKED,2024-06-20,2024-06-22,2024-06-20,ENTERTAINMENT,END-7478,Monthly Rent,Payment for services,2024-12-29 19:33:45,CRDT
95895,1,845677,REF-6523,207.44,EUR,PENDING,2024-06-23,2024-06-23,2024-06-23,ENTERTAINMENT,END-2402,Entertainment Expenses,Payment for services,2024-12-29 19:33:45,CRDT
13795,1,454578,REF-2119,-37.18,EUR,BOOKED,2024-06-26,2024-06-27,2024-06-26,GROCERIES,END-6592,Salary Payment,Payment for services,2024-12-29 19:33:45,DBIT
22674,1,273600,REF-7106,-180.65,EUR,BOOKED,2024-07-01,2024-07-03,2024-07-01,SALARY,END-8969,Salary Payment,Refund,2024-12-29 19:33:45,DBIT
36164,1,711316,REF-6384,-0.37,EUR,PENDING,2024-07-04,2024-07-04,2024-07-04,UTILITIES,END-5549,Salary Payment,Invoice 12345,2024-12-29 19:33:45,DBIT
81650,1,127132,REF-6099,260.12,EUR,BOOKED,2024-07-07,2024-07-09,2024-07-07,GROCERIES,END-6572,Utility Bill,Subscription fee,2024-12-29 19:33:45,CRDT
87920,1,772715,REF-6218,293.96,EUR,BOOKED,2024-07-08,2024-07-10,2024-07-08,UTILITIES,END-2104,Utility Bill,Invoice 12345,2024-12-29 19:33:45,CRDT
27282,1,587352,REF-9601,-442.63,EUR,PENDING,2024-07-13,2024-07-14,2024-07-13,SALARY,END-1186,Salary Payment,Payment for services,2024-12-29 19:33:45,DBIT
24316,1,301113,REF-7110,-145.45,EUR,PENDING,2024-07-15,2024-07-15,2024-07-15,RENT,END-6167,Salary Payment,Invoice 12345,2024-12-29 19:33:45,DBIT
19642,1,621859,REF-7605,-288.25,EUR,PENDING,2024-07-19,2024-07-21,2024-07-19,SALARY,END-5910,Grocery Shopping,Refund,2024-12-29 19:33:45,DBIT
81359,1,352227,REF-4471,-383.31,EUR,PENDING,2024-07-22,2024-07-23,2024-07-22,ENTERTAINMENT,END-7030,Monthly Rent,Loan EMI,2024-12-29 19:33:45,DBIT
27342,1,676261,REF-5926,15.36,EUR,PENDING,2024-07-23,2024-07-23,2024-07-23,GROCERIES,END-7637,Grocery Shopping,Loan EMI,2024-12-29 19:33:45,CRDT
88756,1,330045,REF-3424,-459.89,EUR,BOOKED,2024-07-24,2024-07-26,2024-07-24,UTILITIES,END-8726,Monthly Rent,Payment for services,2024-12-29 19:33:45,DBIT
65097,1,463832,REF-6496,-261.51,EUR,PENDING,2024-07-28,2024-07-28,2024-07-28,RENT,END-2734,Entertainment Expenses,Refund,2024-12-29 19:33:45,DBIT
82235,1,151824,REF-8565,235.17,EUR,PENDING,2024-08-01,2024-08-03,2024-08-01,UTILITIES,END-3164,Entertainment Expenses,Refund,2024-12-29 19:33:45,CRDT
48136,1,304984,REF-4550,-51.92,EUR,PENDING,2024-08-02,2024-08-02,2024-08-02,RENT,END-5734,Salary Payment,Subscription fee,2024-12-29 19:33:45,DBIT
57262,1,930763,REF-1473,-358.95,EUR,PENDING,2024-08-06,2024-08-08,2024-08-06,SALARY,END-8309,Grocery Shopping,Invoice 12345,2024-12-29 19:33:45,DBIT
99466,1,382683,REF-1815,360.94,EUR,BOOKED,2024-08-09,2024-08-10,2024-08-09,UTILITIES,END-6103,Entertainment Expenses,Payment for services,2024-12-29 19:33:45,CRDT
42296,1,579841,REF-2497,-397.73,EUR,PENDING,2024-08-12,2024-08-12,2024-08-12,UTILITIES,END-9956,Miscellaneous,Invoice 12345,2024-12-29 19:33:45,DBIT
85010,1,715141,REF-4160,-231.59,EUR,PENDING,2024-08-17,2024-08-18,2024-08-17,UTILITIES,END-8002,Miscellaneous,Overdraft repayment,2024-12-29 19:33:45,DBIT
31597,1,320624,REF-6839,469.14,EUR,BOOKED,2024-08-21,2024-08-21,2024-08-21,GROCERIES,END-3609,Grocery Shopping,Payment for services,2024-12-29 19:33:45,CRDT
57136,1,506708,REF-6921,-178.05,EUR,PENDING,2024-08-23,2024-08-24,2024-08-23,RENT,END-9566,Miscellaneous,Invoice 12345,2024-12-29 19:33:45,DBIT
67500,1,937828,REF-9844,100.47,EUR,BOOKED,2024-08-27,2024-08-27,2024-08-27,RENT,END-9592,Entertainment Expenses,Invoice 12345,2024-12-29 19:33:45,CRDT
17082,1,814876,REF-3593,-492.56,EUR,BOOKED,2024-08-29,2024-08-31,2024-08-29,SALARY,END-9518,Salary Payment,Payment for services,2024-12-29 19:33:45,DBIT
94645,1,691239,REF-8632,398.94,EUR,BOOKED,2024-09-01,2024-09-02,2024-09-01,SALARY,END-1503,Miscellaneous,Invoice 12345,2024-12-29 19:33:45,CRDT
87458,1,231541,REF-7099,361.34,EUR,BOOKED,2024-09-06,2024-09-07,2024-09-06,ENTERTAINMENT,END-1569,Miscellaneous,Invoice 12345,2024-12-29 19:33:45,CRDT
43162,1,529314,REF-5833,-125.68,EUR,PENDING,2024-09-08,2024-09-08,2024-09-08,RENT,END-7480,Utility Bill,Loan EMI,2024-12-29 19:33:45,DBIT
23107,1,326296,REF-2571,-3.69,EUR,BOOKED,2024-09-11,2024-09-12,2024-09-11,UTILITIES,END-9466,Utility Bill,Invoice 12345,2024-12-29 19:33:45,DBIT
43403,1,789384,REF-4315,-188.99,EUR,PENDING,2024-09-15,2024-09-17,2024-09-15,SALARY,END-4473,Entertainment Expenses,Refund,2024-12-29 19:33:45,DBIT
55624,1,116910,REF-8420,-390.98,EUR,BOOKED,2024-09-20,2024-09-21,2024-09-20,RENT,END-9354,Salary Payment,Subscription fee,2024-12-29 19:33:45,DBIT
25377,1,209071,REF-1983,-337.45,EUR,BOOKED,2024-09-23,2024-09-24,2024-09-23,ENTERTAINMENT,END-3582,Grocery Shopping,Overdraft repayment,2024-12-29 19:33:45,DBIT
44664,1,670008,REF-6122,-366.06,EUR,BOOKED,2024-09-24,2024-09-24,2024-09-24,RENT,END-4595,Utility Bill,Payment for services,2024-12-29 19:33:45,DBIT
45842,1,886966,REF-3288,-12.01,EUR,PENDING,2024-09-26,2024-09-26,2024-09-26,UTILITIES,END-2975,Monthly Rent,Invoice 12345,2024-12-29 19:33:45,DBIT
10160,1,366306,REF-7436,358.34,EUR,PENDING,2024-09-27,2024-09-28,2024-09-27,UTILITIES,END-2499,Grocery Shopping,Payment for services,2024-12-29 19:33:45,CRDT
18260,1,390800,REF-8409,-129.92,EUR,BOOKED,2024-10-01,2024-10-02,2024-10-01,GROCERIES,END-6323,Salary Payment,Loan EMI,2024-12-29 19:33:45,DBIT
20521,1,873517,REF-4779,-431.49,EUR,PENDING,2024-10-05,2024-10-05,2024-10-05,ENTERTAINMENT,END-4206,Miscellaneous,Loan EMI,2024-12-29 19:33:45,DBIT
33648,1,855711,REF-5961,-327.93,EUR,BOOKED,2024-10-08,2024-10-10,2024-10-08,UTILITIES,END-6803,Miscellaneous,Subscription fee,2024-12-29 19:33:45,DBIT
63739,1,105166,REF-2065,378.99,EUR,BOOKED,2024-10-11,2024-10-11,2024-10-11,GROCERIES,END-3785,Monthly Rent,Loan EMI,2024-12-29 19:33:45,CRDT
95903,1,679232,REF-3984,-144.35,EUR,PENDING,2024-10-16,2024-10-18,2024-10-16,GROCERIES,END-2076,Entertainment Expenses,Overdraft repayment,2024-12-29 19:33:45,DBIT
42694,1,538326,REF-5290,-185.78,EUR,BOOKED,2024-10-17,2024-10-18,2024-10-17,ENTERTAINMENT,END-1141,Salary Payment,Refund,2024-12-29 19:33:45,DBIT
71251,1,987152,REF-2517,74.95,EUR,PENDING,2024-10-21,2024-10-22,2024-10-21,RENT,END-5143,Salary Payment,Subscription fee,2024-12-29 19:33:45,CRDT
97965,1,233309,REF-6049,388.27,EUR,BOOKED,2024-10-22,2024-10-24,2024-10-22,GROCERIES,END-5301,Monthly Rent,Refund,2024-12-29 19:33:45,CRDT
58600,1,192954,REF-4349,99.36,EUR,BOOKED,2024-10-25,2024-10-25,2024-10-25,SALARY,END-7230,Grocery Shopping,Payment for services,2024-12-29 19:33:45,CRDT
32165,1,871045,REF-8289,326.31,EUR,BOOKED,2024-10-28,2024-10-28,2024-10-28,GROCERIES,END-7300,Entertainment Expenses,Overdraft repayment,2024-12-29 19:33:45,CRDT
57578,1,569800,REF-2582,-326.38,EUR,BOOKED,2024-10-29,2024-10-30,2024-10-29,GROCERIES,END-9691,Utility Bill,Overdraft repayment,2024-12-29 19:33:45,DBIT
53077,2,912572,REF-4871,88.51,EUR,PENDING,2024-01-01,2024-01-01,2024-01-01,SALARY,END-1287,Entertainment Expenses,Overdraft repayment,2024-12-29 19:33:45,CRDT
58299,2,331283,REF-8852,-14.01,EUR,BOOKED,2024-01-02,2024-01-03,2024-01-02,ENTERTAINMENT,END-4361,Salary Payment,Overdraft repayment,2024-12-29 19:33:45,DBIT
21714,2,546047,REF-8527,-44.9,EUR,BOOKED,2024-01-04,2024-01-04,2024-01-04,SALARY,END-7704,Salary Payment,Subscription fee,2024-12-29 19:33:45,DBIT
93547,2,147011,REF-3585,-12.5,EUR,BOOKED,2024-01-07,2024-01-07,2024-01-07,SALARY,END-8980,Monthly Rent,Refund,2024-12-29 19:33:45,DBIT
42711,2,854866,REF-4374,-80.8,EUR,BOOKED,2024-01-12,2024-01-14,2024-01-12,ENTERTAINMENT,END-4084,Salary Payment,Subscription fee,2024-12-29 19:33:45,DBIT
94920,2,138000,REF-4028,-99.95,EUR,BOOKED,2024-01-14,2024-01-14,2024-01-14,ENTERTAINMENT,END-4891,Grocery Shopping,Subscription fee,2024-12-29 19:33:45,DBIT
24179,2,403350,REF-5754,-227.64,EUR,PENDING,2024-01-19,2024-01-19,2024-01-19,ENTERTAINMENT,END-9019,Miscellaneous,Refund,2024-12-29 19:33:45,DBIT
81394,2,581781,REF-9069,83.99,EUR,BOOKED,2024-01-20,2024-01-21,2024-01-20,GROCERIES,END-4852,Grocery Shopping,Overdraft repayment,2024-12-29 19:33:45,CRDT
50614,2,479679,REF-5237,491.48,EUR,BOOKED,2024-01-23,2024-01-23,2024-01-23,GROCERIES,END-7789,Entertainment Expenses,Payment for services,2024-12-29 19:33:45,CRDT
63792,2,900273,REF-5709,-404.14,EUR,BOOKED,2024-01-25,2024-01-27,2024-01-25,SALARY,END-3430,Utility Bill,Payment for services,2024-12-29 19:33:45,DBIT
36579,2,409398,REF-7071,254.0,EUR,BOOKED,2024-01-28,2024-01-30,2024-01-28,ENTERTAINMENT,END-7763,Miscellaneous,Refund,2024-12-29 19:33:45,CRDT
67678,2,358267,REF-4158,-398.43,EUR,BOOKED,2024-01-31,2024-02-02,2024-01-31,RENT,END-4736,Entertainment Expenses,Overdraft repayment,2024-12-29 19:33:45,DBIT
26574,2,664749,REF-9544,274.85,EUR,PENDING,2024-02-01,2024-02-01,2024-02-01,UTILITIES,END-8353,Utility Bill,Overdraft repayment,2024-12-29 19:33:45,CRDT
93758,2,671517,REF-7924,-428.88,EUR,PENDING,2024-02-03,2024-02-05,2024-02-03,SALARY,END-8958,Grocery Shopping,Refund,2024-12-29 19:33:45,DBIT
46675,2,758357,REF-3886,-136.18,EUR,PENDING,2024-02-06,2024-02-06,2024-02-06,ENTERTAINMENT,END-9941,Monthly Rent,Subscription fee,2024-12-29 19:33:45,DBIT
66677,2,681219,REF-9833,-136.14,EUR,BOOKED,2024-02-11,2024-02-11,2024-02-11,UTILITIES,END-5674,Grocery Shopping,Loan EMI,2024-12-29 19:33:45,DBIT
71711,2,414961,REF-3030,-381.98,EUR,BOOKED,2024-02-12,2024-02-13,2024-02-12,ENTERTAINMENT,END-6121,Miscellaneous,Invoice 12345,2024-12-29 19:33:45,DBIT
72859,2,397412,REF-5592,371.09,EUR,PENDING,2024-02-17,2024-02-18,2024-02-17,UTILITIES,END-9903,Salary Payment,Payment for services,2024-12-29 19:33:45,CRDT
42844,2,732037,REF-3606,-31.42,EUR,PENDING,2024-02-19,2024-02-20,2024-02-19,GROCERIES,END-1315,Monthly Rent,Subscription fee,2024-12-29 19:33:45,DBIT
93933,2,672919,REF-6837,-208.33,EUR,BOOKED,2024-02-21,2024-02-21,2024-02-21,SALARY,END-2914,Monthly Rent,Refund,2024-12-29 19:33:45,DBIT
34689,2,441883,REF-5990,-72.57,EUR,PENDING,2024-02-26,2024-02-27,2024-02-26,SALARY,END-1987,Grocery Shopping,Loan EMI,2024-12-29 19:33:45,DBIT
95277,2,796815,REF-3494,-479.27,EUR,PENDING,2024-03-01,2024-03-02,2024-03-01,ENTERTAINMENT,END-3915,Utility Bill,Invoice 12345,2024-12-29 19:33:45,DBIT
46910,2,165365,REF-4163,-154.41,EUR,BOOKED,2024-03-06,2024-03-08,2024-03-06,RENT,END-7591,Entertainment Expenses,Refund,2024-12-29 19:33:45,DBIT
56123,2,307324,REF-4829,-259.47,EUR,PENDING,2024-03-10,2024-03-12,2024-03-10,UTILITIES,END-2912,Utility Bill,Refund,2024-12-29 19:33:45,DBIT
60861,2,292652,REF-7075,-357.16,EUR,PENDING,2024-03-14,2024-03-16,2024-03-14,SALARY,END-7718,Miscellaneous,Refund,2024-12-29 19:33:45,DBIT
11250,2,731389,REF-7396,-112.53,EUR,BOOKED,2024-03-16,2024-03-17,2024-03-16,ENTERTAINMENT,END-7618,Salary Payment,Payment for services,2024-12-29 19:33:45,DBIT
93845,2,207370,REF-1502,-265.57,EUR,PENDING,2024-03-18,2024-03-18,2024-03-18,SALARY,END-5260,Grocery Shopping,Overdraft repayment,2024-12-29 19:33:45,DBIT
61101,2,455397,REF-8916,173.47,EUR,BOOKED,2024-03-22,2024-03-22,2024-03-22,SALARY,END-6679,Utility Bill,Invoice 12345,2024-12-29 19:33:45,CRDT
10753,2,969613,REF-5472,-299.12,EUR,BOOKED,2024-03-23,2024-03-25,2024-03-23,RENT,END-9931,Monthly Rent,Subscription fee,2024-12-29 19:33:45,DBIT
23823,2,660538,REF-1341,-5.34,EUR,BOOKED,2024-03-24,2024-03-26,2024-03-24,UTILITIES,END-9492,Utility Bill,Loan EMI,2024-12-29 19:33:45,DBIT
31214,2,535269,REF-7404,-337.13,EUR,BOOKED,2024-03-28,2024-03-30,2024-03-28,SALARY,END-3963,Miscellaneous,Subscription fee,2024-12-29 19:33:45,DBIT
75021,2,218647,REF-6721,453.72,EUR,BOOKED,2024-03-30,2024-03-31,2024-03-30,GROCERIES,END-9799,Salary Payment,Refund,2024-12-29 19:33:45,CRDT
75622,2,621493,REF-6669,-349.39,EUR,BOOKED,2024-04-01,2024-04-01,2024-04-01,SALARY,END-9379,Miscellaneous,Overdraft repayment,2024-12-29 19:33:45,DBIT
14886,2,253394,REF-5776,-104.47,EUR,BOOKED,2024-04-02,2024-04-02,2024-04-02,GROCERIES,END-2162,Utility Bill,Invoice 12345,2024-12-29 19:33:45,DBIT
50050,2,958608,REF-9548,215.5,EUR,PENDING,2024-04-05,2024-04-06,2024-04-05,RENT,END-7000,Grocery Shopping,Loan EMI,2024-12-29 19:33:45,CRDT
58894,2,967329,REF-3532,-67.9,EUR,PENDING,2024-04-06,2024-04-07,2024-04-06,UTILITIES,END-7379,Entertainment Expenses,Payment for services,2024-12-29 19:33:45,DBIT
20072,2,957925,REF-3365,-365.28,EUR,PENDING,2024-04-11,2024-04-11,2024-04-11,SALARY,END-9994,Miscellaneous,Invoice 12345,2024-12-29 19:33:45,DBIT
30874,2,716149,REF-5556,211.89,EUR,BOOKED,2024-04-15,2024-04-17,2024-04-15,ENTERTAINMENT,END-6329,Monthly Rent,Invoice 12345,2024-12-29 19:33:45,CRDT
29956,2,905228,REF-4422,-38.42,EUR,PENDING,2024-04-20,2024-04-21,2024-04-20,UTILITIES,END-1863,Miscellaneous,Payment for services,2024-12-29 19:33:45,DBIT
67192,2,872411,REF-1482,-97.54,EUR,PENDING,2024-04-22,2024-04-23,2024-04-22,ENTERTAINMENT,END-2814,Grocery Shopping,Subscription fee,2024-12-29 19:33:45,DBIT
95106,2,441734,REF-7476,-435.16,EUR,BOOKED,2024-04-27,2024-04-28,2024-04-27,SALARY,END-8206,Utility Bill,Invoice 12345,2024-12-29 19:33:45,DBIT
89786,2,900215,REF-6164,390.44,EUR,BOOKED,2024-05-02,2024-05-03,2024-05-02,UTILITIES,END-4982,Salary Payment,Overdraft repayment,2024-12-29 19:33:45,CRDT
87769,2,857055,REF-2785,-246.25,EUR,BOOKED,2024-05-07,2024-05-07,2024-05-07,ENTERTAINMENT,END-2235,Utility Bill,Refund,2024-12-29 19:33:45,DBIT
63085,2,251932,REF-7881,-272.74,EUR,PENDING,2024-05-12,2024-05-12,2024-05-12,GROCERIES,END-9905,Salary Payment,Overdraft repayment,2024-12-29 19:33:45,DBIT
96263,2,475966,REF-9734,122.52,EUR,BOOKED,2024-05-16,2024-05-18,2024-05-16,ENTERTAINMENT,END-8171,Grocery Shopping,Loan EMI,2024-12-29 19:33:45,CRDT
96612,2,626404,REF-9010,300.31,EUR,PENDING,2024-05-17,2024-05-17,2024-05-17,RENT,END-8940,Monthly Rent,Loan EMI,2024-12-29 19:33:45,CRDT
70375,2,288165,REF-7683,-242.54,EUR,PENDING,2024-05-19,2024-05-21,2024-05-19,ENTERTAINMENT,END-6699,Grocery Shopping,Payment for services,2024-12-29 19:33:45,DBIT
91724,2,236277,REF-2921,28.89,EUR,BOOKED,2024-05-24,2024-05-26,2024-05-24,GROCERIES,END-8841,Utility Bill,Overdraft repayment,2024-12-29 19:33:45,CRDT
98421,2,831717,REF-3156,327.1,EUR,BOOKED,2024-05-29,2024-05-31,2024-05-29,ENTERTAINMENT,END-7622,Grocery Shopping,Invoice 12345,2024-12-29 19:33:45,CRDT
30433,2,791790,REF-4542,-130.75,EUR,PENDING,2024-05-31,2024-06-02,2024-05-31,SALARY,END-7269,Entertainment Expenses,Overdraft repayment,2024-12-29 19:33:45,DBIT
15770,2,297377,REF-3166,-324.25,EUR,PENDING,2024-06-04,2024-06-05,2024-06-04,ENTERTAINMENT,END-1641,Entertainment Expenses,Overdraft repayment,2024-12-29 19:33:45,DBIT
95041,2,380133,REF-1043,289.1,EUR,BOOKED,2024-06-09,2024-06-11,2024-06-09,SALARY,END-4282,Utility Bill,Subscription fee,2024-12-29 19:33:45,CRDT
13846,2,184226,REF-2920,258.66,EUR,BOOKED,2024-06-13,2024-06-13,2024-06-13,RENT,END-6407,Utility Bill,Invoice 12345,2024-12-29 19:33:45,CRDT
85220,2,320112,REF-3787,321.59,EUR,BOOKED,2024-06-16,2024-06-16,2024-06-16,SALARY,END-8924,Miscellaneous,Subscription fee,2024-12-29 19:33:45,CRDT
53240,2,977642,REF-3428,-10.29,EUR,PENDING,2024-06-20,2024-06-22,2024-06-20,ENTERTAINMENT,END-7749,Grocery Shopping,Invoice 12345,2024-12-29 19:33:45,DBIT
82347,2,115584,REF-5635,233.43,EUR,BOOKED,2024-06-22,2024-06-24,2024-06-22,UTILITIES,END-6481,Grocery Shopping,Overdraft repayment,2024-12-29 19:33:45,CRDT
51612,2,259288,REF-2815,-473.62,EUR,PENDING,2024-06-27,2024-06-29,2024-06-27,UTILITIES,END-7455,Monthly Rent,Refund,2024-12-29 19:33:45,DBIT
14780,2,200700,REF-1959,-60.08,EUR,BOOKED,2024-06-30,2024-07-02,2024-06-30,SALARY,END-9717,Salary Payment,Subscription fee,2024-12-29 19:33:45,DBIT
72507,2,179199,REF-8622,-79.11,EUR,PENDING,2024-07-03,2024-07-03,2024-07-03,UTILITIES,END-9369,Salary Payment,Loan EMI,2024-12-29 19:33:45,DBIT
13585,2,867149,REF-1593,83.5,EUR,PENDING,2024-07-04,2024-07-05,2024-07-04,ENTERTAINMENT,END-3301,Salary Payment,Overdraft repayment,2024-12-29 19:33:45,CRDT
85368,2,150810,REF-5369,168.62,EUR,PENDING,2024-07-08,2024-07-10,2024-07-08,UTILITIES,END-5274,Miscellaneous,Refund,2024-12-29 19:33:45,CRDT
98019,2,826123,REF-7681,-65.0,EUR,BOOKED,2024-07-11,2024-07-12,2024-07-11,GROCERIES,END-8801,Monthly Rent,Payment for services,2024-12-29 19:33:45,DBIT
54952,2,791787,REF-3133,-233.49,EUR,BOOKED,2024-07-16,2024-07-18,2024-07-16,SALARY,END-2084,Monthly Rent,Subscription fee,2024-12-29 19:33:45,DBIT
55388,2,558083,REF-3640,-466.45,EUR,BOOKED,2024-07-21,2024-07-22,2024-07-21,SALARY,END-9169,Entertainment Expenses,Invoice 12345,2024-12-29 19:33:45,DBIT
41631,2,828541,REF-2926,299.18,EUR,PENDING,2024-07-26,2024-07-28,2024-07-26,GROCERIES,END-8322,Monthly Rent,Loan EMI,2024-12-29 19:33:45,CRDT
78014,2,978400,REF-3375,-438.98,EUR,PENDING,2024-07-30,2024-07-30,2024-07-30,RENT,END-3879,Utility Bill,Subscription fee,2024-12-29 19:33:45,DBIT
37136,2,610525,REF-8416,-423.8,EUR,BOOKED,2024-08-01,2024-08-01,2024-08-01,GROCERIES,END-8389,Salary Payment,Payment for services,2024-12-29 19:33:45,DBIT
95142,2,207709,REF-6022,498.08,EUR,BOOKED,2024-08-04,2024-08-04,2024-08-04,GROCERIES,END-3970,Monthly Rent,Subscription fee,2024-12-29 19:33:45,CRDT
49118,2,210597,REF-9206,-276.53,EUR,PENDING,2024-08-05,2024-08-06,2024-08-05,UTILITIES,END-7466,Entertainment Expenses,Overdraft repayment,2024-12-29 19:33:45,DBIT
26804,2,439060,REF-3810,-496.27,EUR,PENDING,2024-08-10,2024-08-10,2024-08-10,GROCERIES,END-5083,Miscellaneous,Loan EMI,2024-12-29 19:33:45,DBIT
96209,2,531453,REF-5159,435.35,EUR,PENDING,2024-08-11,2024-08-11,2024-08-11,SALARY,END-1587,Grocery Shopping,Loan EMI,2024-12-29 19:33:45,CRDT
89638,2,887924,REF-2130,-94.97,EUR,BOOKED,2024-08-12,2024-08-14,2024-08-12,RENT,END-8482,Salary Payment,Loan EMI,2024-12-29 19:33:45,DBIT
69108,2,213501,REF-8002,-497.8,EUR,BOOKED,2024-08-16,2024-08-18,2024-08-16,RENT,END-4563,Miscellaneous,Overdraft repayment,2024-12-29 19:33:45,DBIT
66602,2,496781,REF-6880,177.92,EUR,PENDING,2024-08-20,2024-08-20,2024-08-20,GROCERIES,END-4274,Salary Payment,Payment for services,2024-12-29 19:33:45,CRDT
72136,2,897328,REF-1616,290.75,EUR,BOOKED,2024-08-23,2024-08-25,2024-08-23,GROCERIES,END-5384,Grocery Shopping,Subscription fee,2024-12-29 19:33:45,CRDT
60869,2,913583,REF-1132,410.31,EUR,BOOKED,2024-08-26,2024-08-26,2024-08-26,GROCERIES,END-4243,Miscellaneous,Invoice 12345,2024-12-29 19:33:45,CRDT
41419,2,292860,REF-6021,197.77,EUR,BOOKED,2024-08-31,2024-09-02,2024-08-31,UTILITIES,END-5817,Grocery Shopping,Invoice 12345,2024-12-29 19:33:45,CRDT
40747,2,905888,REF-5960,332.32,EUR,BOOKED,2024-09-05,2024-09-05,2024-09-05,SALARY,END-5106,Monthly Rent,Invoice 12345,2024-12-29 19:33:45,CRDT
31036,2,565143,REF-9971,124.12,EUR,BOOKED,2024-09-06,2024-09-06,2024-09-06,SALARY,END-7058,Monthly Rent,Subscription fee,2024-12-29 19:33:45,CRDT
43161,2,662268,REF-5562,-157.22,EUR,BOOKED,2024-09-08,2024-09-10,2024-09-08,RENT,END-1057,Utility Bill,Overdraft repayment,2024-12-29 19:33:45,DBIT
14111,2,764701,REF-1802,-390.53,EUR,PENDING,2024-09-09,2024-09-11,2024-09-09,GROCERIES,END-3606,Grocery Shopping,Loan EMI,2024-12-29 19:33:45,DBIT
69373,2,753607,REF-4091,7.91,EUR,BOOKED,2024-09-12,2024-09-14,2024-09-12,RENT,END-9696,Monthly Rent,Refund,2024-12-29 19:33:45,CRDT
13302,2,105535,REF-7451,-342.87,EUR,PENDING,2024-09-14,2024-09-15,2024-09-14,ENTERTAINMENT,END-2482,Grocery Shopping,Refund,2024-12-29 19:33:45,DBIT
78527,2,106976,REF-5684,111.12,EUR,BOOKED,2024-09-17,2024-09-18,2024-09-17,ENTERTAINMENT,END-1109,Utility Bill,Invoice 12345,2024-12-29 19:33:45,CRDT
74124,2,733246,REF-3938,198.46,EUR,BOOKED,2024-09-22,2024-09-24,2024-09-22,ENTERTAINMENT,END-8673,Utility Bill,Refund,2024-12-29 19:33:45,CRDT
62051,2,570486,REF-5712,-343.88,EUR,BOOKED,2024-09-26,2024-09-26,2024-09-26,RENT,END-6244,Entertainment Expenses,Refund,2024-12-29 19:33:45,DBIT
37504,2,414232,REF-8964,-208.42,EUR,PENDING,2024-09-28,2024-09-28,2024-09-28,SALARY,END-2084,Salary Payment,Payment for services,2024-12-29 19:33:45,DBIT
62718,2,315827,REF-9797,-153.7,EUR,BOOKED,2024-10-03,2024-10-05,2024-10-03,GROCERIES,END-2888,Salary Payment,Overdraft repayment,2024-12-29 19:33:45,DBIT
19414,2,718546,REF-2177,252.39,EUR,PENDING,2024-10-04,2024-10-04,2024-10-04,ENTERTAINMENT,END-3263,Monthly Rent,Loan EMI,2024-12-29 19:33:45,CRDT
95094,2,874253,REF-2860,-112.39,EUR,BOOKED,2024-10-07,2024-10-08,2024-10-07,UTILITIES,END-6654,Grocery Shopping,Loan EMI,2024-12-29 19:33:45,DBIT
18274,2,400493,REF-5078,-150.45,EUR,PENDING,2024-10-11,2024-10-11,2024-10-11,RENT,END-1307,Monthly Rent,Subscription fee,2024-12-29 19:33:45,DBIT
33283,2,975438,REF-9215,481.11,EUR,PENDING,2024-10-14,2024-10-15,2024-10-14,ENTERTAINMENT,END-7532,Utility Bill,Subscription fee,2024-12-29 19:33:45,CRDT
32194,2,182281,REF-5275,-468.47,EUR,PENDING,2024-10-15,2024-10-15,2024-10-15,ENTERTAINMENT,END-1621,Salary Payment,Invoice 12345,2024-12-29 19:33:45,DBIT
89864,2,455947,REF-5091,491.62,EUR,BOOKED,2024-10-16,2024-10-17,2024-10-16,RENT,END-3709,Monthly Rent,Payment for services,2024-12-29 19:33:45,CRDT
11206,2,762581,REF-6798,-11.87,EUR,PENDING,2024-10-21,2024-10-21,2024-10-21,GROCERIES,END-8615,Salary Payment,Refund,2024-12-29 19:33:45,DBIT
54528,2,655289,REF-5684,-96.86,EUR,BOOKED,2024-10-24,2024-10-24,2024-10-24,UTILITIES,END-8384,Utility Bill,Refund,2024-12-29 19:33:45,DBIT
44168,2,500909,REF-2474,-122.31,EUR,BOOKED,2024-10-26,2024-10-26,2024-10-26,RENT,END-1688,Salary Payment,Invoice 12345,2024-12-29 19:33:45,DBIT
35282,2,521308,REF-9012,-24.27,EUR,BOOKED,2024-10-31,2024-10-31,2024-10-31,SALARY,END-6800,Salary Payment,Subscription fee,2024-12-29 19:33:45,DBIT
75340,3,342902,REF-4175,181.05,EUR,BOOKED,2024-01-01,2024-01-02,2024-01-01,ENTERTAINMENT,END-4303,Entertainment Expenses,Invoice 12345,2024-12-29 19:33:45,CRDT
92204,3,563960,REF-2079,209.83,EUR,BOOKED,2024-01-06,2024-01-08,2024-01-06,RENT,END-1293,Monthly Rent,Payment for services,2024-12-29 19:33:45,CRDT
93329,3,665564,REF-4559,425.55,EUR,PENDING,2024-01-10,2024-01-10,2024-01-10,GROCERIES,END-3903,Salary Payment,Invoice 12345,2024-12-29 19:33:45,CRDT
49147,3,663360,REF-8601,31.83,EUR,PENDING,2024-01-13,2024-01-14,2024-01-13,UTILITIES,END-3568,Entertainment Expenses,Subscription fee,2024-12-29 19:33:45,CRDT
40678,3,447998,REF-7397,268.77,EUR,PENDING,2024-01-18,2024-01-18,2024-01-18,SALARY,END-8988,Utility Bill,Overdraft repayment,2024-12-29 19:33:45,CRDT
45103,3,711081,REF-3069,219.75,EUR,PENDING,2024-01-23,2024-01-23,2024-01-23,UTILITIES,END-1163,Grocery Shopping,Refund,2024-12-29 19:33:45,CRDT
22858,3,647463,REF-8434,-131.99,EUR,BOOKED,2024-01-25,2024-01-26,2024-01-25,GROCERIES,END-4908,Entertainment Expenses,Loan EMI,2024-12-29 19:33:45,DBIT
10636,3,424801,REF-1105,35.62,EUR,PENDING,2024-01-28,2024-01-30,2024-01-28,ENTERTAINMENT,END-9549,Salary Payment,Subscription fee,2024-12-29 19:33:45,CRDT
82792,3,504555,REF-9952,208.97,EUR,PENDING,2024-01-30,2024-01-31,2024-01-30,UTILITIES,END-7901,Monthly Rent,Invoice 12345,2024-12-29 19:33:45,CRDT
23398,3,405415,REF-5209,141.11,EUR,BOOKED,2024-02-01,2024-02-02,2024-02-01,SALARY,END-6530,Miscellaneous,Subscription fee,2024-12-29 19:33:45,CRDT
89736,3,831608,REF-7254,127.51,EUR,BOOKED,2024-02-06,2024-02-06,2024-02-06,ENTERTAINMENT,END-5886,Utility Bill,Refund,2024-12-29 19:33:45,CRDT
89176,3,783814,REF-8617,455.92,EUR,BOOKED,2024-02-11,2024-02-11,2024-02-11,GROCERIES,END-4108,Salary Payment,Payment for services,2024-12-29 19:33:45,CRDT
94345,3,305437,REF-7759,-12.33,EUR,BOOKED,2024-02-15,2024-02-15,2024-02-15,GROCERIES,END-9706,Utility Bill,Subscription fee,2024-12-29 19:33:45,DBIT
93018,3,179607,REF-9586,-189.14,EUR,BOOKED,2024-02-18,2024-02-18,2024-02-18,RENT,END-9779,Utility Bill,Subscription fee,2024-12-29 19:33:45,DBIT
26753,3,218061,REF-1012,309.09,EUR,BOOKED,2024-02-19,2024-02-20,2024-02-19,ENTERTAINMENT,END-8844,Grocery Shopping,Payment for services,2024-12-29 19:33:45,CRDT
68300,3,579429,REF-8602,-188.47,EUR,BOOKED,2024-02-22,2024-02-23,2024-02-22,ENTERTAINMENT,END-7921,Salary Payment,Overdraft repayment,2024-12-29 19:33:45,DBIT
56436,3,509290,REF-1037,110.86,EUR,PENDING,2024-02-23,2024-02-25,2024-02-23,RENT,END-6710,Grocery Shopping,Invoice 12345,2024-12-29 19:33:45,CRDT
10909,3,256246,REF-3802,-362.79,EUR,PENDING,2024-02-26,2024-02-26,2024-02-26,RENT,END-8300,Salary Payment,Refund,2024-12-29 19:33:45,DBIT
99828,3,291064,REF-7059,103.55,EUR,PENDING,2024-02-27,2024-02-29,2024-02-27,UTILITIES,END-8074,Entertainment Expenses,Invoice 12345,2024-12-29 19:33:45,CRDT
11583,3,831321,REF-5253,-352.77,EUR,BOOKED,2024-03-01,2024-03-01,2024-03-01,UTILITIES,END-7595,Monthly Rent,Overdraft repayment,2024-12-29 19:33:45,DBIT
27716,3,809864,REF-4550,-298.43,EUR,PENDING,2024-03-06,2024-03-07,2024-03-06,ENTERTAINMENT,END-6698,Miscellaneous,Subscription fee,2024-12-29 19:33:45,DBIT
85399,3,754789,REF-8486,-470.56,EUR,BOOKED,2024-03-08,2024-03-08,2024-03-08,GROCERIES,END-2912,Entertainment Expenses,Invoice 12345,2024-12-29 19:33:45,DBIT
65679,3,796340,REF-8772,112.02,EUR,PENDING,2024-03-10,2024-03-10,2024-03-10,UTILITIES,END-4556,Entertainment Expenses,Overdraft repayment,2024-12-29 19:33:45,CRDT
11993,3,833161,REF-6868,95.28,EUR,BOOKED,2024-03-14,2024-03-16,2024-03-14,ENTERTAINMENT,END-8210,Monthly Rent,Loan EMI,2024-12-29 19:33:45,CRDT
95175,3,683429,REF-2989,276.17,EUR,PENDING,2024-03-17,2024-03-19,2024-03-17,SALARY,END-7595,Salary Payment,Invoice 12345,2024-12-29 19:33:45,CRDT
94668,3,831757,REF-3306,-325.35,EUR,PENDING,2024-03-20,2024-03-20,2024-03-20,RENT,END-2745,Entertainment Expenses,Invoice 12345,2024-12-29 19:33:45,DBIT
73735,3,582369,REF-2663,283.17,EUR,PENDING,2024-03-21,2024-03-23,2024-03-21,RENT,END-6332,Salary Payment,Payment for services,2024-12-29 19:33:45,CRDT
52163,3,232030,REF-1591,-240.38,EUR,PENDING,2024-03-25,2024-03-25,2024-03-25,UTILITIES,END-2303,Monthly Rent,Refund,2024-12-29 19:33:45,DBIT
50745,3,687249,REF-4702,-381.55,EUR,BOOKED,2024-03-28,2024-03-28,2024-03-28,GROCERIES,END-3722,Utility Bill,Refund,2024-12-29 19:33:45,DBIT
98305,3,959072,REF-4600,-437.39,EUR,BOOKED,2024-04-01,2024-04-02,2024-04-01,GROCERIES,END-1124,Entertainment Expenses,Payment for services,2024-12-29 19:33:45,DBIT
27657,3,902795,REF-2028,-194.45,EUR,PENDING,2024-04-04,2024-04-05,2024-04-04,SALARY,END-3796,Utility Bill,Refund,2024-12-29 19:33:45,DBIT
75421,3,143126,REF-8727,-382.31,EUR,BOOKED,2024-04-09,2024-04-10,2024-04-09,UTILITIES,END-5966,Utility Bill,Invoice 12345,2024-12-29 19:33:45,DBIT
87202,3,215974,REF-1036,238.45,EUR,BOOKED,2024-04-13,2024-04-14,2024-04-13,GROCERIES,END-3642,Monthly Rent,Refund,2024-12-29 19:33:45,CRDT
81887,3,198703,REF-7905,-123.67,EUR,BOOKED,2024-04-17,2024-04-17,2024-04-17,ENTERTAINMENT,END-8274,Grocery Shopping,Payment for services,2024-12-29 19:33:45,DBIT
83181,3,269934,REF-9875,-91.1,EUR,PENDING,2024-04-22,2024-04-23,2024-04-22,ENTERTAINMENT,END-5296,Miscellaneous,Invoice 12345,2024-12-29 19:33:45,DBIT
80161,3,902389,REF-8383,349.19,EUR,BOOKED,2024-04-23,2024-04-24,2024-04-23,ENTERTAINMENT,END-9120,Utility Bill,Loan EMI,2024-12-29 19:33:45,CRDT
69455,3,935432,REF-3940,-360.36,EUR,BOOKED,2024-04-28,2024-04-29,2024-04-28,SALARY,END-5249,Entertainment Expenses,Invoice 12345,2024-12-29 19:33:45,DBIT
30267,3,417577,REF-8886,171.85,EUR,BOOKED,2024-05-03,2024-05-05,2024-05-03,SALARY,END-7463,Grocery Shopping,Loan EMI,2024-12-29 19:33:45,CRDT
89315,3,451622,REF-3406,-291.92,EUR,PENDING,2024-05-06,2024-05-08,2024-05-06,ENTERTAINMENT,END-8328,Entertainment Expenses,Loan EMI,2024-12-29 19:33:45,DBIT
70967,3,726549,REF-2420,404.5,EUR,PENDING,2024-05-09,2024-05-09,2024-05-09,RENT,END-9555,Grocery Shopping,Payment for services,2024-12-29 19:33:45,CRDT
88174,3,246161,REF-7944,-375.15,EUR,PENDING,2024-05-10,2024-05-10,2024-05-10,GROCERIES,END-4253,Salary Payment,Overdraft repayment,2024-12-29 19:33:45,DBIT
11274,3,272373,REF-9720,-451.83,EUR,BOOKED,2024-05-15,2024-05-15,2024-05-15,ENTERTAINMENT,END-8208,Monthly Rent,Refund,2024-12-29 19:33:45,DBIT
32207,3,937879,REF-4765,-34.22,EUR,BOOKED,2024-05-20,2024-05-22,2024-05-20,UTILITIES,END-1216,Monthly Rent,Refund,2024-12-29 19:33:45,DBIT
43114,3,257886,REF-8642,-296.03,EUR,BOOKED,2024-05-21,2024-05-23,2024-05-21,RENT,END-3403,Utility Bill,Loan EMI,2024-12-29 19:33:45,DBIT
67325,3,441091,REF-4345,-157.45,EUR,BOOKED,2024-05-23,2024-05-24,2024-05-23,ENTERTAINMENT,END-1938,Monthly Rent,Overdraft repayment,2024-12-29 19:33:45,DBIT
50965,3,419335,REF-8165,-306.87,EUR,BOOKED,2024-05-26,2024-05-26,2024-05-26,UTILITIES,END-6550,Salary Payment,Payment for services,2024-12-29 19:33:45,DBIT
90820,3,501274,REF-3855,311.46,EUR,PENDING,2024-05-29,2024-05-30,2024-05-29,SALARY,END-4672,Monthly Rent,Invoice 12345,2024-12-29 19:33:45,CRDT
27975,3,666675,REF-5944,-142.88,EUR,PENDING,2024-06-03,2024-06-04,2024-06-03,UTILITIES,END-7018,Salary Payment,Payment for services,2024-12-29 19:33:45,DBIT
17707,3,587749,REF-8294,9.95,EUR,PENDING,2024-06-07,2024-06-08,2024-06-07,GROCERIES,END-4327,Grocery Shopping,Payment for services,2024-12-29 19:33:45,CRDT
31387,3,535830,REF-1799,422.85,EUR,PENDING,2024-06-09,2024-06-11,2024-06-09,GROCERIES,END-2751,Miscellaneous,Payment for services,2024-12-29 19:33:45,CRDT
43751,3,762394,REF-3967,-271.17,EUR,BOOKED,2024-06-11,2024-06-11,2024-06-11,ENTERTAINMENT,END-8434,Utility Bill,Loan EMI,2024-12-29 19:33:45,DBIT
67588,3,807171,REF-5644,-209.87,EUR,BOOKED,2024-06-12,2024-06-14,2024-06-12,ENTERTAINMENT,END-4788,Entertainment Expenses,Invoice 12345,2024-12-29 19:33:45,DBIT
60293,3,683083,REF-3023,-158.05,EUR,BOOKED,2024-06-15,2024-06-15,2024-06-15,ENTERTAINMENT,END-7467,Entertainment Expenses,Payment for services,2024-12-29 19:33:45,DBIT
93398,3,781430,REF-6690,399.42,EUR,PENDING,2024-06-19,2024-06-20,2024-06-19,RENT,END-6970,Miscellaneous,Subscription fee,2024-12-29 19:33:45,CRDT
40348,3,298166,REF-8445,432.0,EUR,PENDING,2024-06-20,2024-06-21,2024-06-20,GROCERIES,END-1058,Entertainment Expenses,Overdraft repayment,2024-12-29 19:33:45,CRDT
76567,3,774026,REF-9787,193.9,EUR,PENDING,2024-06-24,2024-06-25,2024-06-24,GROCERIES,END-5886,Salary Payment,Invoice 12345,2024-12-29 19:33:45,CRDT
22514,3,672588,REF-2790,-145.25,EUR,PENDING,2024-06-29,2024-07-01,2024-06-29,ENTERTAINMENT,END-2969,Entertainment Expenses,Invoice 12345,2024-12-29 19:33:45,DBIT
65616,3,962076,REF-9004,117.21,EUR,PENDING,2024-07-02,2024-07-03,2024-07-02,SALARY,END-7161,Miscellaneous,Subscription fee,2024-12-29 19:33:45,CRDT
71832,3,147551,REF-4948,311.35,EUR,BOOKED,2024-07-03,2024-07-03,2024-07-03,GROCERIES,END-5318,Salary Payment,Overdraft repayment,2024-12-29 19:33:45,CRDT
86101,3,765424,REF-5312,38.7,EUR,PENDING,2024-07-08,2024-07-10,2024-07-08,GROCERIES,END-9964,Grocery Shopping,Invoice 12345,2024-12-29 19:33:45,CRDT
36071,3,315683,REF-8794,316.86,EUR,BOOKED,2024-07-11,2024-07-12,2024-07-11,GROCERIES,END-9264,Monthly Rent,Subscription fee,2024-12-29 19:33:45,CRDT
94587,3,591016,REF-9899,442.16,EUR,BOOKED,2024-07-13,2024-07-15,2024-07-13,RENT,END-6539,Miscellaneous,Payment for services,2024-12-29 19:33:45,CRDT
68036,3,627659,REF-1481,-15.17,EUR,BOOKED,2024-07-17,2024-07-19,2024-07-17,GROCERIES,END-3181,Miscellaneous,Loan EMI,2024-12-29 19:33:45,DBIT
98423,3,978191,REF-9984,-209.32,EUR,PENDING,2024-07-21,2024-07-22,2024-07-21,UTILITIES,END-4263,Salary Payment,Refund,2024-12-29 19:33:45,DBIT
30461,3,419758,REF-9116,-29.14,EUR,PENDING,2024-07-23,2024-07-23,2024-07-23,GROCERIES,END-7693,Grocery Shopping,Subscription fee,2024-12-29 19:33:45,DBIT
31795,3,322370,REF-5753,239.95,EUR,BOOKED,2024-07-27,2024-07-27,2024-07-27,SALARY,END-3332,Monthly Rent,Overdraft repayment,2024-12-29 19:33:45,CRDT
76020,3,720694,REF-9143,2.79,EUR,BOOKED,2024-07-29,2024-07-30,2024-07-29,SALARY,END-1646,Entertainment Expenses,Loan EMI,2024-12-29 19:33:45,CRDT
48799,3,487568,REF-9908,-166.9,EUR,BOOKED,2024-08-02,2024-08-02,2024-08-02,GROCERIES,END-9343,Monthly Rent,Payment for services,2024-12-29 19:33:45,DBIT
25642,3,964421,REF-5449,-86.77,EUR,BOOKED,2024-08-07,2024-08-07,2024-08-07,UTILITIES,END-8007,Salary Payment,Loan EMI,2024-12-29 19:33:45,DBIT
99464,3,294469,REF-9159,-313.42,EUR,BOOKED,2024-08-08,2024-08-08,2024-08-08,ENTERTAINMENT,END-2419,Salary Payment,Payment for services,2024-12-29 19:33:45,DBIT
75150,3,592888,REF-8020,-4.16,EUR,BOOKED,2024-08-09,2024-08-10,2024-08-09,UTILITIES,END-8111,Monthly Rent,Overdraft repayment,2024-12-29 19:33:45,DBIT
54607,3,203873,REF-4228,125.95,EUR,BOOKED,2024-08-11,2024-08-12,2024-08-11,GROCERIES,END-1452,Utility Bill,Payment for services,2024-12-29 19:33:45,CRDT
89196,3,499479,REF-3269,88.31,EUR,BOOKED,2024-08-15,2024-08-15,2024-08-15,RENT,END-8389,Salary Payment,Loan EMI,2024-12-29 19:33:45,CRDT
19216,3,729322,REF-3071,440.98,EUR,PENDING,2024-08-20,2024-08-21,2024-08-20,SALARY,END-8725,Utility Bill,Refund,2024-12-29 19:33:45,CRDT
88477,3,369256,REF-2962,273.57,EUR,PENDING,2024-08-21,2024-08-23,2024-08-21,ENTERTAINMENT,END-7485,Grocery Shopping,Overdraft repayment,2024-12-29 19:33:45,CRDT
11765,3,754143,REF-6457,287.0,EUR,PENDING,2024-08-26,2024-08-28,2024-08-26,RENT,END-9480,Miscellaneous,Refund,2024-12-29 19:33:45,CRDT
38959,3,465911,REF-9228,-212.38,EUR,PENDING,2024-08-31,2024-09-02,2024-08-31,UTILITIES,END-6301,Utility Bill,Overdraft repayment,2024-12-29 19:33:45,DBIT
89124,3,865171,REF-7040,-60.63,EUR,BOOKED,2024-09-02,2024-09-02,2024-09-02,RENT,END-8330,Monthly Rent,Loan EMI,2024-12-29 19:33:45,DBIT
29265,3,255977,REF-1548,470.59,EUR,PENDING,2024-09-05,2024-09-06,2024-09-05,SALARY,END-5356,Grocery Shopping,Loan EMI,2024-12-29 19:33:45,CRDT
50912,3,540799,REF-7757,-414.79,EUR,BOOKED,2024-09-10,2024-09-12,2024-09-10,RENT,END-4093,Entertainment Expenses,Refund,2024-12-29 19:33:45,DBIT
18949,3,768604,REF-3597,454.21,EUR,PENDING,2024-09-13,2024-09-14,2024-09-13,RENT,END-8508,Utility Bill,Invoice 12345,2024-12-29 19:33:45,CRDT
63241,3,128338,REF-2228,-216.42,EUR,BOOKED,2024-09-15,2024-09-15,2024-09-15,UTILITIES,END-4689,Monthly Rent,Overdraft repayment,2024-12-29 19:33:45,DBIT
83480,3,931045,REF-9482,-299.22,EUR,PENDING,2024-09-19,2024-09-20,2024-09-19,ENTERTAINMENT,END-7568,Salary Payment,Subscription fee,2024-12-29 19:33:45,DBIT
39928,3,402879,REF-3243,140.56,EUR,PENDING,2024-09-21,2024-09-22,2024-09-21,ENTERTAINMENT,END-4003,Salary Payment,Subscription fee,2024-12-29 19:33:45,CRDT
80247,3,934083,REF-9830,138.33,EUR,BOOKED,2024-09-22,2024-09-22,2024-09-22,GROCERIES,END-2831,Miscellaneous,Overdraft repayment,2024-12-29 19:33:45,CRDT
47707,3,974448,REF-9770,-6.05,EUR,PENDING,2024-09-25,2024-09-26,2024-09-25,ENTERTAINMENT,END-9244,Monthly Rent,Refund,2024-12-29 19:33:45,DBIT
48883,3,164491,REF-8107,225.48,EUR,PENDING,2024-09-29,2024-10-01,2024-09-29,ENTERTAINMENT,END-8584,Salary Payment,Refund,2024-12-29 19:33:45,CRDT
96260,3,560633,REF-6042,381.03,EUR,BOOKED,2024-10-01,2024-10-03,2024-10-01,UTILITIES,END-8963,Entertainment Expenses,Refund,2024-12-29 19:33:45,CRDT
17819,3,338395,REF-9493,-297.77,EUR,PENDING,2024-10-06,2024-10-06,2024-10-06,ENTERTAINMENT,END-6857,Miscellaneous,Overdraft repayment,2024-12-29 19:33:45,DBIT
61626,3,593313,REF-6950,-350.8,EUR,BOOKED,2024-10-09,2024-10-11,2024-10-09,GROCERIES,END-4834,Entertainment Expenses,Invoice 12345,2024-12-29 19:33:45,DBIT
10520,3,707539,REF-3255,-14.12,EUR,BOOKED,2024-10-14,2024-10-14,2024-10-14,SALARY,END-2231,Utility Bill,Overdraft repayment,2024-12-29 19:33:45,DBIT
21356,3,531992,REF-9472,258.71,EUR,BOOKED,2024-10-18,2024-10-20,2024-10-18,SALARY,END-3953,Miscellaneous,Overdraft repayment,2024-12-29 19:33:45,CRDT
93418,3,320708,REF-6596,-403.02,EUR,BOOKED,2024-10-19,2024-10-21,2024-10-19,RENT,END-2031,Grocery Shopping,Overdraft repayment,2024-12-29 19:33:45,DBIT
97811,3,772287,REF-9748,198.07,EUR,PENDING,2024-10-22,2024-10-23,2024-10-22,GROCERIES,END-3235,Salary Payment,Refund,2024-12-29 19:33:45,CRDT
39895,3,236919,REF-8307,-25.33,EUR,PENDING,2024-10-27,2024-10-29,2024-10-27,RENT,END-9091,Utility Bill,Overdraft repayment,2024-12-29 19:33:45,DBIT
48840,3,153940,REF-3808,54.63,EUR,BOOKED,2024-10-29,2024-10-31,2024-10-29,ENTERTAINMENT,END-8421,Utility Bill,Loan EMI,2024-12-29 19:33:45,CRDT
74245,3,694213,REF-5651,-149.15,EUR,BOOKED,2024-10-30,2024-10-31,2024-10-30,SALARY,END-2322,Salary Payment,Overdraft repayment,2024-12-29 19:33:45,DBIT
36220,3,447224,REF-8176,136.01,EUR,PENDING,2024-10-31,2024-11-02,2024-10-31,RENT,END-1849,Utility Bill,Invoice 12345,2024-12-29 19:33:45,CRDT
92142,4,846459,REF-2842,-64.46,EUR,PENDING,2024-01-01,2024-01-02,2024-01-01,RENT,END-1912,Utility Bill,Subscription fee,2024-12-29 19:33:45,DBIT
93760,4,877912,REF-6653,-115.99,EUR,BOOKED,2024-01-04,2024-01-04,2024-01-04,UTILITIES,END-5701,Grocery Shopping,Payment for services,2024-12-29 19:33:45,DBIT
26488,4,624729,REF-4242,474.82,EUR,BOOKED,2024-01-05,2024-01-06,2024-01-05,GROCERIES,END-6653,Miscellaneous,Payment for services,2024-12-29 19:33:45,CRDT
49366,4,759797,REF-5897,399.7,EUR,PENDING,2024-01-06,2024-01-06,2024-01-06,SALARY,END-2076,Salary Payment,Payment for services,2024-12-29 19:33:45,CRDT
65248,4,503563,REF-3330,-245.76,EUR,PENDING,2024-01-11,2024-01-12,2024-01-11,GROCERIES,END-6056,Grocery Shopping,Subscription fee,2024-12-29 19:33:45,DBIT
14690,4,491618,REF-5535,-339.74,EUR,BOOKED,2024-01-15,2024-01-15,2024-01-15,GROCERIES,END-9155,Salary Payment,Payment for services,2024-12-29 19:33:45,DBIT
91828,4,952604,REF-1354,-236.2,EUR,BOOKED,2024-01-19,2024-01-20,2024-01-19,RENT,END-8617,Utility Bill,Overdraft repayment,2024-12-29 19:33:45,DBIT
50668,4,161821,REF-7342,464.91,EUR,PENDING,2024-01-21,2024-01-22,2024-01-21,RENT,END-6806,Monthly Rent,Loan EMI,2024-12-29 19:33:45,CRDT
66394,4,235725,REF-7165,436.54,EUR,BOOKED,2024-01-25,2024-01-27,2024-01-25,GROCERIES,END-3998,Monthly Rent,Subscription fee,2024-12-29 19:33:45,CRDT
82657,4,847443,REF-3413,228.41,EUR,BOOKED,2024-01-26,2024-01-26,2024-01-26,ENTERTAINMENT,END-7723,Miscellaneous,Payment for services,2024-12-29 19:33:45,CRDT
61037,4,180153,REF-8439,-285.69,EUR,PENDING,2024-01-31,2024-02-01,2024-01-31,ENTERTAINMENT,END-8375,Entertainment Expenses,Invoice 12345,2024-12-29 19:33:45,DBIT
10837,4,393116,REF-7154,-411.9,EUR,PENDING,2024-02-02,2024-02-03,2024-02-02,SALARY,END-3524,Miscellaneous,Loan EMI,2024-12-29 19:33:45,DBIT
57098,4,437996,REF-7357,375.45,EUR,PENDING,2024-02-06,2024-02-08,2024-02-06,GROCERIES,END-3194,Salary Payment,Refund,2024-12-29 19:33:45,CRDT
69226,4,430089,REF-1053,-174.8,EUR,BOOKED,2024-02-07,2024-02-09,2024-02-07,RENT,END-8542,Entertainment Expenses,Refund,2024-12-29 19:33:45,DBIT
69185,4,808780,REF-2475,-99.47,EUR,PENDING,2024-02-11,2024-02-11,2024-02-11,ENTERTAINMENT,END-5916,Utility Bill,Subscription fee,2024-12-29 19:33:45,DBIT
17444,4,167630,REF-9894,149.75,EUR,PENDING,2024-02-15,2024-02-15,2024-02-15,SALARY,END-1171,Grocery Shopping,Refund,2024-12-29 19:33:45,CRDT
81483,4,323842,REF-9345,-479.88,EUR,BOOKED,2024-02-20,2024-02-20,2024-02-20,GROCERIES,END-5116,Entertainment Expenses,Payment for services,2024-12-29 19:33:45,DBIT
15972,4,478569,REF-4980,204.42,EUR,BOOKED,2024-02-25,2024-02-26,2024-02-25,SALARY,END-3404,Monthly Rent,Overdraft repayment,2024-12-29 19:33:45,CRDT
44744,4,668782,REF-5358,333.25,EUR,BOOKED,2024-02-28,2024-03-01,2024-02-28,GROCERIES,END-7414,Entertainment Expenses,Invoice 12345,2024-12-29 19:33:45,CRDT
11869,4,248259,REF-7072,-414.8,EUR,PENDING,2024-03-04,2024-03-06,2024-03-04,SALARY,END-6455,Entertainment Expenses,Refund,2024-12-29 19:33:45,DBIT
91105,4,877939,REF-2585,-82.2,EUR,PENDING,2024-03-07,2024-03-09,2024-03-07,GROCERIES,END-5400,Miscellaneous,Loan EMI,2024-12-29 19:33:45,DBIT
11386,4,106775,REF-3598,21.09,EUR,BOOKED,2024-03-11,2024-03-11,2024-03-11,ENTERTAINMENT,END-4091,Entertainment Expenses,Loan EMI,2024-12-29 19:33:45,CRDT
20985,4,975197,REF-9941,-332.19,EUR,BOOKED,2024-03-15,2024-03-17,2024-03-15,RENT,END-2952,Monthly Rent,Subscription fee,2024-12-29 19:33:45,DBIT
96257,4,499678,REF-9458,-426.51,EUR,PENDING,2024-03-16,2024-03-18,2024-03-16,UTILITIES,END-4304,Miscellaneous,Payment for services,2024-12-29 19:33:45,DBIT
64520,4,537807,REF-6486,-299.23,EUR,PENDING,2024-03-21,2024-03-23,2024-03-21,SALARY,END-5626,Miscellaneous,Overdraft repayment,2024-12-29 19:33:45,DBIT
45317,4,575027,REF-8461,95.15,EUR,BOOKED,2024-03-23,2024-03-24,2024-03-23,ENTERTAINMENT,END-1318,Entertainment Expenses,Subscription fee,2024-12-29 19:33:45,CRDT
85353,4,982370,REF-9021,198.05,EUR,PENDING,2024-03-28,2024-03-29,2024-03-28,GROCERIES,END-1850,Salary Payment,Invoice 12345,2024-12-29 19:33:45,CRDT
94320,4,924357,REF-5378,23.43,EUR,PENDING,2024-04-02,2024-04-02,2024-04-02,RENT,END-8880,Utility Bill,Overdraft repayment,2024-12-29 19:33:45,CRDT
21975,4,949725,REF-4961,415.66,EUR,PENDING,2024-04-03,2024-04-05,2024-04-03,RENT,END-9728,Monthly Rent,Invoice 12345,2024-12-29 19:33:45,CRDT
52370,4,158544,REF-2363,315.64,EUR,PENDING,2024-04-07,2024-04-09,2024-04-07,ENTERTAINMENT,END-1746,Grocery Shopping,Overdraft repayment,2024-12-29 19:33:45,CRDT
77747,4,618613,REF-9052,378.36,EUR,BOOKED,2024-04-12,2024-04-13,2024-04-12,ENTERTAINMENT,END-7155,Miscellaneous,Subscription fee,2024-12-29 19:33:45,CRDT
30596,4,219089,REF-8394,-99.97,EUR,BOOKED,2024-04-15,2024-04-17,2024-04-15,UTILITIES,END-9847,Entertainment Expenses,Payment for services,2024-12-29 19:33:45,DBIT
40783,4,936950,REF-2388,-30.87,EUR,PENDING,2024-04-18,2024-04-18,2024-04-18,GROCERIES,END-3113,Grocery Shopping,Loan EMI,2024-12-29 19:33:45,DBIT
31861,4,665754,REF-7800,324.52,EUR,PENDING,2024-04-23,2024-04-24,2024-04-23,UTILITIES,END-2283,Monthly Rent,Refund,2024-12-29 19:33:45,CRDT
81043,4,674849,REF-9505,327.74,EUR,BOOKED,2024-04-25,2024-04-25,2024-04-25,RENT,END-8097,Utility Bill,Refund,2024-12-29 19:33:45,CRDT
62968,4,897293,REF-9177,294.76,EUR,BOOKED,2024-04-29,2024-04-30,2024-04-29,SALARY,END-1055,Utility Bill,Refund,2024-12-29 19:33:45,CRDT
59591,4,173652,REF-7983,-449.04,EUR,BOOKED,2024-04-30,2024-04-30,2024-04-30,RENT,END-5548,Utility Bill,Overdraft repayment,2024-12-29 19:33:45,DBIT
28850,4,131697,REF-8505,499.12,EUR,PENDING,2024-05-01,2024-05-03,2024-05-01,GROCERIES,END-5934,Entertainment Expenses,Refund,2024-12-29 19:33:45,CRDT
15827,4,249479,REF-8624,-188.27,EUR,BOOKED,2024-05-06,2024-05-07,2024-05-06,UTILITIES,END-4451,Salary Payment,Invoice 12345,2024-12-29 19:33:45,DBIT
15469,4,655162,REF-8763,-446.49,EUR,PENDING,2024-05-09,2024-05-09,2024-05-09,SALARY,END-9348,Salary Payment,Loan EMI,2024-12-29 19:33:45,DBIT
62565,4,523469,REF-7670,448.9,EUR,BOOKED,2024-05-13,2024-05-15,2024-05-13,SALARY,END-7108,Salary Payment,Payment for services,2024-12-29 19:33:45,CRDT
22670,4,355339,REF-4852,-254.41,EUR,BOOKED,2024-05-14,2024-05-16,2024-05-14,UTILITIES,END-9309,Entertainment Expenses,Payment for services,2024-12-29 19:33:45,DBIT
45735,4,800092,REF-8332,-223.44,EUR,PENDING,2024-05-19,2024-05-20,2024-05-19,ENTERTAINMENT,END-1072,Monthly Rent,Refund,2024-12-29 19:33:45,DBIT
31043,4,866645,REF-5781,-38.08,EUR,BOOKED,2024-05-20,2024-05-20,2024-05-20,UTILITIES,END-2467,Miscellaneous,Loan EMI,2024-12-29 19:33:45,DBIT
13819,4,288204,REF-4569,-427.56,EUR,BOOKED,2024-05-23,2024-05-24,2024-05-23,RENT,END-2983,Entertainment Expenses,Invoice 12345,2024-12-29 19:33:45,DBIT
73523,4,312068,REF-7342,460.66,EUR,PENDING,2024-05-24,2024-05-26,2024-05-24,GROCERIES,END-2370,Grocery Shopping,Subscription fee,2024-12-29 19:33:45,CRDT
82042,4,970974,REF-6429,-145.31,EUR,BOOKED,2024-05-27,2024-05-29,2024-05-27,UTILITIES,END-2302,Utility Bill,Payment for services,2024-12-29 19:33:45,DBIT
50798,4,407065,REF-3935,54.81,EUR,PENDING,2024-06-01,2024-06-03,2024-06-01,GROCERIES,END-6921,Entertainment Expenses,Payment for services,2024-12-29 19:33:45,CRDT
70623,4,154359,REF-4535,214.69,EUR,BOOKED,2024-06-04,2024-06-06,2024-06-04,SALARY,END-3813,Salary Payment,Invoice 12345,2024-12-29 19:33:45,CRDT
37185,4,905574,REF-8987,-300.72,EUR,PENDING,2024-06-08,2024-06-08,2024-06-08,SALARY,END-7860,Entertainment Expenses,Invoice 12345,2024-12-29 19:33:45,DBIT
11397,4,782919,REF-2782,210.05,EUR,BOOKED,2024-06-11,2024-06-12,2024-06-11,SALARY,END-1194,Entertainment Expenses,Subscription fee,2024-12-29 19:33:45,CRDT
56936,4,815750,REF-6175,-188.84,EUR,BOOKED,2024-06-13,2024-06-14,2024-06-13,GROCERIES,END-5558,Grocery Shopping,Overdraft repayment,2024-12-29 19:33:45,DBIT
85753,4,679035,REF-9294,-93.19,EUR,PENDING,2024-06-15,2024-06-17,2024-06-15,SALARY,END-5013,Grocery Shopping,Subscription fee,2024-12-29 19:33:45,DBIT
32013,4,285253,REF-6624,-43.58,EUR,PENDING,2024-06-20,2024-06-20,2024-06-20,ENTERTAINMENT,END-5785,Salary Payment,Loan EMI,2024-12-29 19:33:45,DBIT
76089,4,537012,REF-1420,363.93,EUR,BOOKED,2024-06-23,2024-06-23,2024-06-23,RENT,END-6423,Monthly Rent,Payment for services,2024-12-29 19:33:45,CRDT
71189,4,149163,REF-3144,276.39,EUR,PENDING,2024-06-26,2024-06-27,2024-06-26,GROCERIES,END-3950,Miscellaneous,Loan EMI,2024-12-29 19:33:45,CRDT
17519,4,311156,REF-4647,421.28,EUR,PENDING,2024-06-27,2024-06-27,2024-06-27,GROCERIES,END-3940,Entertainment Expenses,Loan EMI,2024-12-29 19:33:45,CRDT
72420,4,751561,REF-7750,14.6,EUR,PENDING,2024-06-30,2024-06-30,2024-06-30,UTILITIES,END-5453,Monthly Rent,Payment for services,2024-12-29 19:33:45,CRDT
44055,4,639357,REF-1442,448.63,EUR,BOOKED,2024-07-03,2024-07-04,2024-07-03,ENTERTAINMENT,END-2783,Utility Bill,Subscription fee,2024-12-29 19:33:45,CRDT
44734,4,917832,REF-7253,-183.75,EUR,PENDING,2024-07-07,2024-07-07,2024-07-07,RENT,END-9393,Salary Payment,Invoice 12345,2024-12-29 19:33:45,DBIT
38237,4,290528,REF-7172,280.81,EUR,BOOKED,2024-07-12,2024-07-14,2024-07-12,SALARY,END-9006,Salary Payment,Payment for services,2024-12-29 19:33:45,CRDT
73354,4,520249,REF-3813,-188.47,EUR,PENDING,2024-07-14,2024-07-15,2024-07-14,UTILITIES,END-9253,Utility Bill,Subscription fee,2024-12-29 19:33:45,DBIT
25517,4,598711,REF-8061,2.08,EUR,PENDING,2024-07-15,2024-07-16,2024-07-15,RENT,END-6185,Miscellaneous,Overdraft repayment,2024-12-29 19:33:45,CRDT
11992,4,496484,REF-8279,462.9,EUR,BOOKED,2024-07-16,2024-07-16,2024-07-16,UTILITIES,END-9346,Entertainment Expenses,Refund,2024-12-29 19:33:45,CRDT
52102,4,484089,REF-3691,414.14,EUR,PENDING,2024-07-17,2024-07-19,2024-07-17,UTILITIES,END-1256,Monthly Rent,Subscription fee,2024-12-29 19:33:45,CRDT
90011,4,595105,REF-9779,334.87,EUR,BOOKED,2024-07-19,2024-07-21,2024-07-19,RENT,END-9408,Utility Bill,Invoice 12345,2024-12-29 19:33:45,CRDT
83832,4,825564,REF-2334,-477.45,EUR,PENDING,2024-07-23,2024-07-23,2024-07-23,RENT,END-7003,Grocery Shopping,Refund,2024-12-29 19:33:45,DBIT
49310,4,658468,REF-1360,-153.09,EUR,PENDING,2024-07-27,2024-07-28,2024-07-27,UTILITIES,END-8331,Utility Bill,Loan EMI,2024-12-29 19:33:45,DBIT
72565,4,640413,REF-7823,485.96,EUR,PENDING,2024-07-30,2024-08-01,2024-07-30,GROCERIES,END-8559,Utility Bill,Invoice 12345,2024-12-29 19:33:45,CRDT
22500,4,874057,REF-7356,150.23,EUR,PENDING,2024-08-01,2024-08-03,2024-08-01,RENT,END-5078,Entertainment Expenses,Overdraft repayment,2024-12-29 19:33:45,CRDT
72048,4,807968,REF-7866,288.05,EUR,PENDING,2024-08-06,2024-08-06,2024-08-06,ENTERTAINMENT,END-3439,Grocery Shopping,Loan EMI,2024-12-29 19:33:45,CRDT
23307,4,859241,REF-7620,139.84,EUR,BOOKED,2024-08-08,2024-08-08,2024-08-08,UTILITIES,END-4724,Salary Payment,Payment for services,2024-12-29 19:33:45,CRDT
63963,4,492732,REF-7077,-286.71,EUR,BOOKED,2024-08-12,2024-08-12,2024-08-12,UTILITIES,END-9236,Utility Bill,Payment for services,2024-12-29 19:33:45,DBIT
10058,4,480420,REF-3999,-353.07,EUR,BOOKED,2024-08-14,2024-08-15,2024-08-14,RENT,END-2944,Monthly Rent,Subscription fee,2024-12-29 19:33:45,DBIT
69459,4,229551,REF-9354,74.07,EUR,BOOKED,2024-08-16,2024-08-17,2024-08-16,GROCERIES,END-4852,Entertainment Expenses,Refund,2024-12-29 19:33:45,CRDT
35409,4,236397,REF-4073,-248.83,EUR,PENDING,2024-08-17,2024-08-17,2024-08-17,GROCERIES,END-9237,Salary Payment,Overdraft repayment,2024-12-29 19:33:45,DBIT
68212,4,709457,REF-6251,232.17,EUR,PENDING,2024-08-18,2024-08-19,2024-08-18,UTILITIES,END-8096,Miscellaneous,Refund,2024-12-29 19:33:45,CRDT
81900,4,879155,REF-9851,491.62,EUR,BOOKED,2024-08-22,2024-08-24,2024-08-22,RENT,END-4927,Miscellaneous,Overdraft repayment,2024-12-29 19:33:45,CRDT
45820,4,621008,REF-3361,199.38,EUR,PENDING,2024-08-25,2024-08-25,2024-08-25,ENTERTAINMENT,END-3908,Utility Bill,Invoice 12345,2024-12-29 19:33:45,CRDT
77980,4,186955,REF-9345,214.28,EUR,BOOKED,2024-08-28,2024-08-30,2024-08-28,GROCERIES,END-1547,Miscellaneous,Subscription fee,2024-12-29 19:33:45,CRDT
17485,4,726272,REF-4951,-290.8,EUR,BOOKED,2024-08-30,2024-08-30,2024-08-30,UTILITIES,END-2626,Grocery Shopping,Invoice 12345,2024-12-29 19:33:45,DBIT
70630,4,905824,REF-6122,-406.47,EUR,PENDING,2024-08-31,2024-09-02,2024-08-31,SALARY,END-7472,Grocery Shopping,Payment for services,2024-12-29 19:33:45,DBIT
66791,4,376353,REF-2155,166.96,EUR,BOOKED,2024-09-04,2024-09-05,2024-09-04,RENT,END-2353,Utility Bill,Payment for services,2024-12-29 19:33:45,CRDT
53918,4,853652,REF-8641,223.01,EUR,PENDING,2024-09-09,2024-09-09,2024-09-09,ENTERTAINMENT,END-6650,Salary Payment,Loan EMI,2024-12-29 19:33:45,CRDT
73092,4,582024,REF-2816,419.91,EUR,BOOKED,2024-09-14,2024-09-15,2024-09-14,RENT,END-9586,Grocery Shopping,Payment for services,2024-12-29 19:33:45,CRDT
18848,4,703800,REF-3204,-479.86,EUR,PENDING,2024-09-19,2024-09-19,2024-09-19,SALARY,END-8852,Salary Payment,Refund,2024-12-29 19:33:45,DBIT
69364,4,758355,REF-8651,-85.88,EUR,BOOKED,2024-09-24,2024-09-25,2024-09-24,SALARY,END-8088,Miscellaneous,Refund,2024-12-29 19:33:45,DBIT
80269,4,541095,REF-3360,105.34,EUR,PENDING,2024-09-26,2024-09-26,2024-09-26,GROCERIES,END-3755,Salary Payment,Refund,2024-12-29 19:33:45,CRDT
72788,4,513897,REF-7485,380.63,EUR,BOOKED,2024-09-28,2024-09-28,2024-09-28,GROCERIES,END-3221,Salary Payment,Overdraft repayment,2024-12-29 19:33:45,CRDT
74530,4,973223,REF-2029,-370.84,EUR,BOOKED,2024-09-30,2024-09-30,2024-09-30,GROCERIES,END-1480,Utility Bill,Refund,2024-12-29 19:33:45,DBIT
16923,4,618387,REF-2697,483.71,EUR,PENDING,2024-10-04,2024-10-06,2024-10-04,GROCERIES,END-8034,Grocery Shopping,Overdraft repayment,2024-12-29 19:33:45,CRDT
35724,4,477972,REF-2319,-375.97,EUR,BOOKED,2024-10-07,2024-10-07,2024-10-07,RENT,END-4993,Grocery Shopping,Overdraft repayment,2024-12-29 19:33:45,DBIT
92281,4,930833,REF-8734,452.31,EUR,PENDING,2024-10-10,2024-10-10,2024-10-10,ENTERTAINMENT,END-3931,Miscellaneous,Payment for services,2024-12-29 19:33:45,CRDT
59906,4,929336,REF-7378,218.85,EUR,PENDING,2024-10-14,2024-10-14,2024-10-14,ENTERTAINMENT,END-2419,Miscellaneous,Loan EMI,2024-12-29 19:33:45,CRDT
88184,4,328692,REF-8315,269.96,EUR,PENDING,2024-10-17,2024-10-19,2024-10-17,UTILITIES,END-9597,Utility Bill,Subscription fee,2024-12-29 19:33:45,CRDT
44883,4,739283,REF-6979,-431.39,EUR,BOOKED,2024-10-20,2024-10-22,2024-10-20,SALARY,END-5619,Grocery Shopping,Payment for services,2024-12-29 19:33:45,DBIT
81655,4,686412,REF-1375,-272.41,EUR,PENDING,2024-10-21,2024-10-22,2024-10-21,UTILITIES,END-8580,Salary Payment,Payment for services,2024-12-29 19:33:45,DBIT
64250,4,827805,REF-1436,-433.91,EUR,PENDING,2024-10-22,2024-10-22,2024-10-22,ENTERTAINMENT,END-2305,Monthly Rent,Overdraft repayment,2024-12-29 19:33:45,DBIT
72650,4,769106,REF-3677,-190.1,EUR,BOOKED,2024-10-23,2024-10-25,2024-10-23,RENT,END-1591,Grocery Shopping,Loan EMI,2024-12-29 19:33:45,DBIT
42261,4,430195,REF-1664,-261.33,EUR,BOOKED,2024-10-26,2024-10-27,2024-10-26,GROCERIES,END-1460,Entertainment Expenses,Refund,2024-12-29 19:33:45,DBIT
40030,4,593799,REF-3612,388.24,EUR,PENDING,2024-10-31,2024-10-31,2024-10-31,UTILITIES,END-6064,Miscellaneous,Refund,2024-12-29 19:33:45,CRDT
